Job Title,Company Name,Date,Location Name,Job Skill,Link
Senior Python / Django Developer -Part Time,RDI -,3 hours ago,"Dokki, Giza, Egypt ",Senior Python / Django Developer -Part Time,https://wuzzuf.net/jobs/p/BMp4BFaD0Gkt-Senior-Python-Django-Developer--Part-Time-RDI-Giza-Egypt?o=1&l=sp&t=sj&a=python|search-v3
Senior Python Developer,Dolf -,6 days ago,"Heliopolis, Cairo, Egypt ",Senior Python Developer,https://wuzzuf.net/jobs/p/i1nBFb89WRv5-Senior-Python-Developer-Dolf-Cairo-Egypt?o=2&l=sp&t=sj&a=python|search-v3
Senior Python Developer,Puffin -,7 days ago,"Sheikh Zayed, Giza, Egypt ",Senior Python Developer,https://wuzzuf.net/jobs/p/ryKenuMzwtaY-Senior-Python-Developer-Puffin-Giza-Egypt?o=3&l=sp&t=sj&a=python|search-v3
Full Stack Python Developer,DBS -,4 days ago,"Maadi, Cairo, Egypt ",Full Stack Python Developer,https://wuzzuf.net/jobs/p/5RfLOCmcaQWi-Full-Stack-Python-Developer-DBS-Cairo-Egypt?o=4&l=sp&t=sj&a=python|search-v3
Senior Software Engineer (Python),Tam Development LLC -,8 days ago,"Riyadh, Saudi Arabia ",Senior Software Engineer (Python),https://wuzzuf.net/jobs/p/joqWPVLH76wT-Senior-Software-Engineer-Python-Tam-Development-LLC-Riyadh-Saudi-Arabia?o=5&l=sp&t=sj&a=python|search-v3
Software Engineer (Python),Tam Development LLC -,2 days ago,"Riyadh, Saudi Arabia ",Software Engineer (Python),https://wuzzuf.net/jobs/p/tbi1LSzfd0Ng-Software-Engineer-Python-Tam-Development-LLC-Riyadh-Saudi-Arabia?o=6&l=sp&t=sj&a=python|search-v3
Senior Python Developer,WORLD OF BUSINESS  -,12 days ago,"Sidon, Lebanon ",Senior Python Developer,https://wuzzuf.net/jobs/p/oHSDURWuCFRO-Senior-Python-Developer-WORLD-OF-BUSINESS-Sidon-Lebanon?o=7&l=sp&t=sj&a=python|search-v3
Senior Backend Engineer / Python - Flying Pharmacist,Yalent -,12 days ago,"Cairo, Egypt ",Senior Backend Engineer / Python - Flying Pharmacist,https://wuzzuf.net/jobs/p/umhcuyPiP4Iy-Senior-Backend-Engineer-Python---Flying-Pharmacist-Yalent-Cairo-Egypt?o=8&l=sp&t=sj&a=python|search-v3
Backend Engineering Manager (Python),Paymob Solutions -,18 days ago,"Maadi, Cairo, Egypt ",Backend Engineering Manager (Python),https://wuzzuf.net/jobs/p/oMOPuoMvqBGP-Backend-Engineering-Manager-Python-Paymob-Solutions-Cairo-Egypt?o=9&l=sp&t=sj&a=python|search-v3
Senior Python Django Developer,Itechs -,20 days ago,"Heliopolis, Cairo, Egypt ",Senior Python Django Developer,https://wuzzuf.net/jobs/p/K09ikDegUaj3-Senior-Python-Django-Developer-Itechs-Cairo-Egypt?o=10&l=sp&t=sj&a=python|search-v3
Python Developer,Paymob Solutions -,22 days ago,"Maadi, Cairo, Egypt ",Python Developer,https://wuzzuf.net/jobs/p/5hLbhnF7QJr7-Python-Developer-Paymob-Solutions-Cairo-Egypt?o=11&l=sp&t=sj&a=python|search-v3
Senior Full Stack React/ Python (Django) Developer - Remote,GetTechForce.com -,27 days ago,"Cairo, Egypt ",Senior Full Stack React/ Python (Django) Developer - Remote,https://wuzzuf.net/jobs/p/IWq4Il9Uiw5V-Senior-Full-Stack-React-Python-Django-Developer---Remote-GetTechForce-com-Cairo-Egypt?o=12&l=sp&t=sj&a=python|search-v3
Senior Python Developer,Human Quality -,29 days ago,"Maadi, Cairo, Egypt ",Senior Python Developer,https://wuzzuf.net/jobs/p/W9FwcYEbjdRS-Senior-Python-Developer-Human-Quality-Cairo-Egypt?o=13&l=sp&t=sj&a=python|search-v3
Python Developer,Advanced Solutions Co. -,1 month ago,"Heliopolis, Cairo, Egypt ",Python Developer,https://wuzzuf.net/jobs/p/ZicQrIC0wZN0-Python-Developer-Advanced-Solutions-Co-Cairo-Egypt?o=14&l=sp&t=sj&a=python|search-v3
Python Developer,Multi Level Group (MLG) -,2 months ago,"Maadi, Cairo, Egypt ",Python Developer,https://wuzzuf.net/jobs/p/NEuzz9ILgVlu-Python-Developer-Multi-Level-Group-MLG-Cairo-Egypt?o=15&l=sp&t=sj&a=python|search-v3
Python Automation Engineer,Expleo -,6 days ago,"Cairo, Egypt ",Python Automation Engineer,https://wuzzuf.net/jobs/p/HYEkWqovIYbY-Python-Automation-Engineer-Expleo-Cairo-Egypt?o=16&l=sp&t=sj&a=python|search-v3
Senior PHP Developer,Dolf -,4 days ago,"Heliopolis, Cairo, Egypt ",Senior PHP Developer,https://wuzzuf.net/jobs/p/8ogKMmMyOC6a-Senior-PHP-Developer-Dolf-Cairo-Egypt?o=17&l=sp&t=sj&a=python|search-v3
ERPNext / Frappe Developer,Confidential -,5 days ago,"Giza, Egypt ",ERPNext / Frappe Developer,https://wuzzuf.net/jobs/p/VujVF0q1owsa-ERPNext-Frappe-Developer-Giza-Egypt?o=18&l=sp&t=sj&a=python|search-v3
"ERP Consultant ""Odoo"" Techno - Functional",Extend | The Ad Network -,8 days ago,"Maadi, Cairo, Egypt ","ERP Consultant ""Odoo"" Techno - Functional",https://wuzzuf.net/jobs/p/nNtVZVhH08dA-ERP-Consultant-Odoo-Techno---Functional-Extend-The-Ad-Network-Cairo-Egypt?o=19&l=sp&t=sj&a=python|search-v3
Odoo Developer,Peerless -,15 minutes ago,"Giza, Egypt ",Odoo Developer,https://wuzzuf.net/jobs/p/9eUeNVs6xlZ2-Odoo-Developer-Peerless-Giza-Egypt?o=20&l=sp&t=sj&a=python|search-v3
Python Developer,Sceel.io -,31 minutes ago,"Maadi, Cairo, Egypt ",Python Developer,https://wuzzuf.net/jobs/p/xvFGmf1AZPjq-Python-Developer-Sceel-io-Cairo-Egypt?o=21&l=sp&t=sj&a=python|search-v3
Senior Odoo Developer - (Onsite),Confidential -,3 hours ago,"Nasr City, Cairo, Egypt ",Senior Odoo Developer - (Onsite),https://wuzzuf.net/jobs/p/JhzLeTafkZ3v-Senior-Odoo-Developer---Onsite-Cairo-Egypt?o=22&l=sp&t=sj&a=python|search-v3
"Research Specialist Level 1, Data Analysis",Weill Cornell Medicine-Qatar -,4 days ago,"Doha, Qatar ","Research Specialist Level 1, Data Analysis",https://wuzzuf.net/jobs/p/f4gEh9FRs4hN-Research-Specialist-Level-1-Data-Analysis-Weill-Cornell-Medicine-Qatar-Doha-Qatar?o=23&l=sp&t=sj&a=python|search-v3
Data Engineer,UMX Studio -,4 days ago,"Dokki, Giza, Egypt ",Data Engineer,https://wuzzuf.net/jobs/p/4sCsLfQGPiLo-Data-Engineer-UMX-Studio-Giza-Egypt?o=24&l=sp&t=sj&a=python|search-v3
Senior Back-end Developer (Magento),Seoudi Supermarket -,5 days ago,"Sheikh Zayed, Giza, Egypt ",Senior Back-end Developer (Magento),https://wuzzuf.net/jobs/p/lodw8hmmQimc-Senior-Back-end-Developer-Magento-Seoudi-Supermarket-Giza-Egypt?o=25&l=sp&t=sj&a=python|search-v3
Odoo Developer,Engosoft -,5 days ago,"Nasr City, Cairo, Egypt ",Odoo Developer,https://wuzzuf.net/jobs/p/PotLSuBNGg7S-Odoo-Developer-Engosoft-Cairo-Egypt?o=26&l=sp&t=sj&a=python|search-v3
Generative AI Engineer,Easygenerator -,5 days ago,"Dubai, United Arab Emirates ",Generative AI Engineer,https://wuzzuf.net/jobs/p/KYOEkJaYw0zQ-Generative-AI-Engineer-Easygenerator-Dubai-United-Arab-Emirates?o=27&l=sp&t=sj&a=python|search-v3
NLP Engineer,Sceel.io -,2 months ago,"Maadi, Cairo, Egypt ",NLP Engineer,https://wuzzuf.net/jobs/p/7rNdxPyR35qr-NLP-Engineer-Sceel-io-Cairo-Egypt?o=28&l=sp&t=sj&a=python|search-v3
HAWK & Patriot Data & Systems Analyst / Programmer,Prattwhitney -,2 months ago,"Jeddah, Saudi Arabia ",HAWK & Patriot Data & Systems Analyst / Programmer,https://wuzzuf.net/jobs/p/5hA130hRAQ8z-HAWK-Patriot-Data-Systems-Analyst-Programmer-Prattwhitney-Jeddah-Saudi-Arabia?o=29&l=sp&t=sj&a=python|search-v3
Generative AI Engineer,Sana Commerce -,12 days ago,"Dubai, United Arab Emirates ",Generative AI Engineer,https://wuzzuf.net/jobs/p/eHpCrd8DLI46-Generative-AI-Engineer-Sana-Commerce-Dubai-United-Arab-Emirates?o=30&l=sp&t=sj&a=python|search-v3
Product Data Analyst,Sana Commerce -,5 days ago,"Dubai, United Arab Emirates ",Product Data Analyst,https://wuzzuf.net/jobs/p/QqYQHyHMBiwS-Product-Data-Analyst-Sana-Commerce-Dubai-United-Arab-Emirates?o=31&l=sp&t=sj&a=python|search-v3
Backend Developer,Orevan -,6 days ago,"6th of October, Giza, Egypt ",Backend Developer,https://wuzzuf.net/jobs/p/URor62HRf8Qg-Backend-Developer-Orevan-Giza-Egypt?o=32&l=sp&t=sj&a=python|search-v3
Bioinformatician,Sidra Medical and Research Center -,6 days ago,"Doha, Qatar ",Bioinformatician,https://wuzzuf.net/jobs/p/n0bCHAeHwdKX-Bioinformatician-Sidra-Medical-and-Research-Center-Doha-Qatar?o=33&l=sp&t=sj&a=python|search-v3
RoR Developer,Dolf -,6 days ago,"Heliopolis, Cairo, Egypt ",RoR Developer,https://wuzzuf.net/jobs/p/7297MGGDlHj5-RoR-Developer-Dolf-Cairo-Egypt?o=34&l=sp&t=sj&a=python|search-v3
Energy Analyst - Internship,Nexus Analytica -,7 days ago,"Shorouk City, Cairo, Egypt ",Energy Analyst - Internship,https://wuzzuf.net/internship/X0fuJOvO7Msq-Energy-Analyst---Internship-Nexus-Analytica-Cairo-Egypt?o=35&l=sp&t=sj&a=python|search-v3
Devops Engineer,Sceel.io -,16 minutes ago,"Maadi, Cairo, Egypt ",Devops Engineer,https://wuzzuf.net/jobs/p/jZgD9yqBN85R-Devops-Engineer-Sceel-io-Cairo-Egypt?o=36&l=sp&t=sj&a=python|search-v3
Senior Data Engineer- Remote,GetTechForce.com -,1 day ago,"Cairo, Egypt ",Senior Data Engineer- Remote,https://wuzzuf.net/jobs/p/cfxbeiW3DnlW-Senior-Data-Engineer--Remote-GetTechForce-com-Cairo-Egypt?o=37&l=sp&t=sj&a=python|search-v3
Machine Learning Engineering Manager,Yassir -,3 days ago,"Cairo, Egypt ",Machine Learning Engineering Manager,https://wuzzuf.net/jobs/p/5svLWLdeG73L-Machine-Learning-Engineering-Manager-Yassir-Cairo-Egypt?o=38&l=sp&t=sj&a=python|search-v3
Senior Linux System Admin (+3 years experience),3D Diagnostix -,3 days ago,"Maadi, Cairo, Egypt ",Senior Linux System Admin (+3 years experience),https://wuzzuf.net/jobs/p/nZiZmmrXNVnV-Senior-Linux-System-Admin-3-years-experience-3D-Diagnostix-Cairo-Egypt?o=39&l=sp&t=sj&a=python|search-v3
STEM Teacher,TechAdemics -,3 days ago,"New Cairo, Cairo, Egypt ",STEM Teacher,https://wuzzuf.net/jobs/p/MBJ7gr11qRur-STEM-Teacher-TechAdemics-Cairo-Egypt?o=40&l=sp&t=sj&a=python|search-v3
Cyber Security Consultant - Advisory,Aventus Global Talent -,4 days ago,"Riyadh, Saudi Arabia ",Cyber Security Consultant - Advisory,https://wuzzuf.net/jobs/p/NU30gp2frhJ4-Cyber-Security-Consultant---Advisory-Aventus-Global-Talent-Riyadh-Saudi-Arabia?o=41&l=sp&t=sj&a=python|search-v3
Senior I&C Designer,Wood -,4 days ago,"Dubai, United Arab Emirates ",Senior I&C Designer,https://wuzzuf.net/jobs/p/auGakjZlDzk3-Senior-IC-Designer-Wood-Dubai-United-Arab-Emirates?o=42&l=sp&t=sj&a=python|search-v3
Senior I&C Engineer,Wood -,13 days ago,"Dubai, United Arab Emirates ",Senior I&C Engineer,https://wuzzuf.net/jobs/p/N8eyRDo7bpFK-Senior-IC-Engineer-Wood-Dubai-United-Arab-Emirates?o=43&l=sp&t=sj&a=python|search-v3
Football Data Analyst,AlUla Club -,14 days ago,"Riyadh, Saudi Arabia ",Football Data Analyst,https://wuzzuf.net/jobs/p/qUuhPsZbC1C7-Football-Data-Analyst-AlUla-Club-Riyadh-Saudi-Arabia?o=44&l=sp&t=sj&a=python|search-v3
Linux System Administrator,Hitachi Energy Ltd -,11 days ago,"Riyadh, Saudi Arabia ",Linux System Administrator,https://wuzzuf.net/jobs/p/Gbtjdu3JPvdB-Linux-System-Administrator-Hitachi-Energy-Ltd-Riyadh-Saudi-Arabia?o=45&l=sp&t=sj&a=python|search-v3
Application Development Supervisor,Xceed Contact Center -,5 days ago,"Maadi, Cairo, Egypt ",Application Development Supervisor,https://wuzzuf.net/jobs/p/kiKJc6wzhNqU-Application-Development-Supervisor-Xceed-Contact-Center-Cairo-Egypt?o=46&l=sp&t=sj&a=python|search-v3
Data Analyst,Deriv -,5 days ago,"Dubai, United Arab Emirates ",Data Analyst,https://wuzzuf.net/jobs/p/lviCDWTDzCUl-Data-Analyst-Deriv-Dubai-United-Arab-Emirates?o=47&l=sp&t=sj&a=python|search-v3
Spa - Guest Services Officer,Grand Hyatt Doha -,5 days ago,"Doha, Qatar ",Spa - Guest Services Officer,https://wuzzuf.net/jobs/p/TkpzAMZaoCFu-Spa---Guest-Services-Officer-Grand-Hyatt-Doha-Doha-Qatar?o=48&l=sp&t=sj&a=python|search-v3
Process Engineer,Wood -,5 days ago,"Dubai, United Arab Emirates ",Process Engineer,https://wuzzuf.net/jobs/p/XKDdyeeGw1Jv-Process-Engineer-Wood-Dubai-United-Arab-Emirates?o=49&l=sp&t=sj&a=python|search-v3
Blockchain Developer,Redford Recruiters -,6 days ago,"Abu Dhabi, United Arab Emirates ",Blockchain Developer,https://wuzzuf.net/jobs/p/5G2EMHbJIxlr-Blockchain-Developer-Redford-Recruiters-Abu-Dhabi-United-Arab-Emirates?o=50&l=sp&t=sj&a=python|search-v3
Cloud Solution Engineer,Jordan Dreams -,6 days ago,"Dubai, United Arab Emirates ",Cloud Solution Engineer,https://wuzzuf.net/jobs/p/vv6LOzM4iUoR-Cloud-Solution-Engineer-Jordan-Dreams-Dubai-United-Arab-Emirates?o=51&l=sp&t=sj&a=python|search-v3
Data Analyst,Eep -,6 days ago,"Dubai, United Arab Emirates ",Data Analyst,https://wuzzuf.net/jobs/p/i1gjgRfpPp86-Data-Analyst-Eep-Dubai-United-Arab-Emirates?o=52&l=sp&t=sj&a=python|search-v3
Process Engineer - Utilities (3505),Eram Talent -,6 days ago,"Riyadh, Saudi Arabia ",Process Engineer - Utilities (3505),https://wuzzuf.net/jobs/p/1UgXdQRYMdaW-Process-Engineer---Utilities-3505-Eram-Talent-Riyadh-Saudi-Arabia?o=53&l=sp&t=sj&a=python|search-v3
Process Engineer - Hydrocracker (3509),Eram Talent -,6 days ago,"Riyadh, Saudi Arabia ",Process Engineer - Hydrocracker (3509),https://wuzzuf.net/jobs/p/wnQABwQkBHVu-Process-Engineer---Hydrocracker-3509-Eram-Talent-Riyadh-Saudi-Arabia?o=54&l=sp&t=sj&a=python|search-v3
[Dubai] Senior Backend Engineer (Rust),Syndica -,7 days ago,"Dubai, United Arab Emirates ",[Dubai] Senior Backend Engineer (Rust),https://wuzzuf.net/jobs/p/YKw0d326QzZZ-Dubai-Senior-Backend-Engineer-Rust-Syndica-Dubai-United-Arab-Emirates?o=55&l=sp&t=sj&a=python|search-v3
[Dubai] Senior Backend Engineer (Go),Syndica -,7 days ago,"Dubai, United Arab Emirates ",[Dubai] Senior Backend Engineer (Go),https://wuzzuf.net/jobs/p/aLvBdvkbdnhz-Dubai-Senior-Backend-Engineer-Go-Syndica-Dubai-United-Arab-Emirates?o=56&l=sp&t=sj&a=python|search-v3
AI Developer,Bydotpy -,12 days ago,"New Cairo, Cairo, Egypt ",AI Developer,https://wuzzuf.net/jobs/p/UvrJR52oJoBx-AI-Developer-Bydotpy-Cairo-Egypt?o=57&l=sp&t=sj&a=python|search-v3
Senior Software Engineer,Puffin -,12 days ago,"Sheikh Zayed, Giza, Egypt ",Senior Software Engineer,https://wuzzuf.net/jobs/p/R3lowv2M0WzA-Senior-Software-Engineer-Puffin-Giza-Egypt?o=58&l=sp&t=sj&a=python|search-v3
Devops Engineer,Valify -,13 days ago,"Maadi, Cairo, Egypt ",Devops Engineer,https://wuzzuf.net/jobs/p/soQ8HWQwq3oB-Devops-Engineer-Valify-Cairo-Egypt?o=59&l=sp&t=sj&a=python|search-v3
Senior Data Scientist - Hybrid,Seoudi Supermarket -,13 days ago,"Sheikh Zayed, Giza, Egypt ",Senior Data Scientist - Hybrid,https://wuzzuf.net/jobs/p/fEhxIuT0Zwak-Senior-Data-Scientist---Hybrid-Seoudi-Supermarket-Giza-Egypt?o=60&l=sp&t=sj&a=python|search-v3
DevOps Engineer,Caliberly -,14 days ago,"Dubai, United Arab Emirates ",DevOps Engineer,https://wuzzuf.net/jobs/p/xBWTKyPsaFuK-DevOps-Engineer-Caliberly-Dubai-United-Arab-Emirates?o=61&l=sp&t=sj&a=python|search-v3
Platform Reliability Engineer,Investsky -,15 days ago,"Dubai, United Arab Emirates ",Platform Reliability Engineer,https://wuzzuf.net/jobs/p/geVcTS6e75LV-Platform-Reliability-Engineer-Investsky-Dubai-United-Arab-Emirates?o=62&l=sp&t=sj&a=python|search-v3
Data Engineer,Dr. Sulaiman Al Habib Medical Group -,12 days ago,"Riyadh, Saudi Arabia ",Data Engineer,https://wuzzuf.net/jobs/p/evzJYlyZgFEF-Data-Engineer-Dr-Sulaiman-Al-Habib-Medical-Group-Riyadh-Saudi-Arabia?o=63&l=sp&t=sj&a=python|search-v3
Data Analyst Specialist,Professional Recruitment -,12 days ago,"Riyadh, Saudi Arabia ",Data Analyst Specialist,https://wuzzuf.net/jobs/p/vlvn1Y2xj1ec-Data-Analyst-Specialist-Professional-Recruitment-Riyadh-Saudi-Arabia?o=64&l=sp&t=sj&a=python|search-v3
Inspection Engineer I,Yanbu Aramco Sinopec Refining Company (YASREF) -,12 days ago,"Yanbu, Saudi Arabia ",Inspection Engineer I,https://wuzzuf.net/jobs/p/NOiErWUKH5QZ-Inspection-Engineer-I-Yanbu-Aramco-Sinopec-Refining-Company-YASREF-Yanbu-Saudi-Arabia?o=65&l=sp&t=sj&a=python|search-v3
Learning & Quality Executive,Kempinski Hotels -,14 days ago,"Doha, Qatar ",Learning & Quality Executive,https://wuzzuf.net/jobs/p/4cNH1Y6qMaRu-Learning-Quality-Executive-Kempinski-Hotels-Doha-Qatar?o=66&l=sp&t=sj&a=python|search-v3
Junior Data Analyst,Cleartrip -,15 days ago,"Dubai, United Arab Emirates ",Junior Data Analyst,https://wuzzuf.net/jobs/p/LNpzu5JPMcbk-Junior-Data-Analyst-Cleartrip-Dubai-United-Arab-Emirates?o=67&l=sp&t=sj&a=python|search-v3
AFC Data Analyst (Automatic Fare Collection System),SNC-Lavalin -,15 days ago,"Riyadh, Saudi Arabia ",AFC Data Analyst (Automatic Fare Collection System),https://wuzzuf.net/jobs/p/ApayrxJQ5648-AFC-Data-Analyst-Automatic-Fare-Collection-System-SNC-Lavalin-Riyadh-Saudi-Arabia?o=68&l=sp&t=sj&a=python|search-v3
Full time live in housekeeper,"GreatAuPair, LLC -",15 days ago,"Riyadh, Saudi Arabia ",Full time live in housekeeper,https://wuzzuf.net/jobs/p/vhKcGk8yvb8D-Full-time-live-in-housekeeper-GreatAuPair-LLC-Riyadh-Saudi-Arabia?o=69&l=sp&t=sj&a=python|search-v3
Vertica Data Engineer,Dautom -,15 days ago,"Dubai, United Arab Emirates ",Vertica Data Engineer,https://wuzzuf.net/jobs/p/3KVVNiZ8sIXI-Vertica-Data-Engineer-Dautom-Dubai-United-Arab-Emirates?o=70&l=sp&t=sj&a=python|search-v3
Host,UrbaCon Contracting & Trading Company -,15 days ago,"Doha, Qatar ",Host,https://wuzzuf.net/jobs/p/JHoO112JBk3L-Host-UrbaCon-Contracting-Trading-Company-Doha-Qatar?o=71&l=sp&t=sj&a=python|search-v3
Learning & Development Executive,Mandarin Oriental Hotel Group Limited -,15 days ago,"Abu Dhabi, United Arab Emirates ",Learning & Development Executive,https://wuzzuf.net/jobs/p/rwxD8NJreNtq-Learning-Development-Executive-Mandarin-Oriental-Hotel-Group-Limited-Abu-Dhabi-United-Arab-Emirates?o=72&l=sp&t=sj&a=python|search-v3
Wanted ! Full-time live-in Nanny/Housekeeper,"GreatAuPair, LLC -",15 days ago,"Riyadh, Saudi Arabia ",Wanted ! Full-time live-in Nanny/Housekeeper,https://wuzzuf.net/jobs/p/yAuk1rGG38to-Wanted-Full-time-live-in-NannyHousekeeper-GreatAuPair-LLC-Riyadh-Saudi-Arabia?o=73&l=sp&t=sj&a=python|search-v3
System Architect - Hybird,GET Group- Egypt -,19 days ago,"Heliopolis, Cairo, Egypt ",System Architect - Hybird,https://wuzzuf.net/jobs/p/p49NW2jG4xHl-System-Architect---Hybird-GET-Group--Egypt-Cairo-Egypt?o=74&l=sp&t=sj&a=python|search-v3
DevOps Engineer,ECS ME -,20 days ago,"Dubai, United Arab Emirates ",DevOps Engineer,https://wuzzuf.net/jobs/p/OqsJLESKKD7A-DevOps-Engineer-ECS-ME-Dubai-United-Arab-Emirates?o=75&l=sp&t=sj&a=python|search-v3
"Product Data Analyst Dubai, UAE Business Intelligence Team",Easygenerator -,20 days ago,"Dubai, United Arab Emirates ","Product Data Analyst Dubai, UAE Business Intelligence Team",https://wuzzuf.net/jobs/p/ePOr1oEMJ95Z-Product-Data-Analyst-Dubai-UAE-Business-Intelligence-Team-Easygenerator-Dubai-United-Arab-Emirates?o=76&l=sp&t=sj&a=python|search-v3
Tech Lead,Salem Ventures -,20 days ago,"New Cairo, Cairo, Egypt ",Tech Lead,https://wuzzuf.net/jobs/p/xLyd6ADualTW-Tech-Lead-Salem-Ventures-Cairo-Egypt?o=77&l=sp&t=sj&a=python|search-v3
Senior Data Scientist,BBI-Consultancy -,20 days ago,"Nasr City, Cairo, Egypt ",Senior Data Scientist,https://wuzzuf.net/jobs/p/X9AYBCpYJYg3-Senior-Data-Scientist-BBI-Consultancy-Cairo-Egypt?o=78&l=sp&t=sj&a=python|search-v3
Data Analyst,Arma-HSA -,21 days ago,"New Cairo, Cairo, Egypt ",Data Analyst,https://wuzzuf.net/jobs/p/zOC5QRQ2OMdS-Data-Analyst-Arma-HSA-Cairo-Egypt?o=79&l=sp&t=sj&a=python|search-v3
Learning & Engagement Officer (Outreach Lead),Al Nahiya Group -,20 days ago,"Abu Dhabi, United Arab Emirates ",Learning & Engagement Officer (Outreach Lead),https://wuzzuf.net/jobs/p/9VXEaBBczLTg-Learning-Engagement-Officer-Outreach-Lead-Al-Nahiya-Group-Abu-Dhabi-United-Arab-Emirates?o=80&l=sp&t=sj&a=python|search-v3
Data Scientist & Artificial Intelligence Engineer (3471),Eram Talent -,20 days ago,"Riyadh, Saudi Arabia ",Data Scientist & Artificial Intelligence Engineer (3471),https://wuzzuf.net/jobs/p/0smA41cQhEzd-Data-Scientist-Artificial-Intelligence-Engineer-3471-Eram-Talent-Riyadh-Saudi-Arabia?o=81&l=sp&t=sj&a=python|search-v3
Senior Data & Cloud Architect (IIRIS),Informa PLC -,25 days ago,"Dubai, United Arab Emirates ",Senior Data & Cloud Architect (IIRIS),https://wuzzuf.net/jobs/p/rdgDtQjqxCJD-Senior-Data-Cloud-Architect-IIRIS-Informa-PLC-Dubai-United-Arab-Emirates?o=82&l=sp&t=sj&a=python|search-v3
Senior Full Stack Developer,Filkhedma -,26 days ago,"New Cairo, Cairo, Egypt ",Senior Full Stack Developer,https://wuzzuf.net/jobs/p/6WVKtdMHYa7q-Senior-Full-Stack-Developer-Filkhedma-Cairo-Egypt?o=83&l=sp&t=sj&a=python|search-v3
Quantitative Researcher Futures MFT - Dubai,Harcourt Patterson Group -,26 days ago,"Dubai, United Arab Emirates ",Quantitative Researcher Futures MFT - Dubai,https://wuzzuf.net/jobs/p/wz4YMcQCwJDP-Quantitative-Researcher-Futures-MFT---Dubai-Harcourt-Patterson-Group-Dubai-United-Arab-Emirates?o=84&l=sp&t=sj&a=python|search-v3
ML Customer engineering manager,Dataloop Ltd -,26 days ago,"Abu Dhabi, United Arab Emirates ",ML Customer engineering manager,https://wuzzuf.net/jobs/p/qW71g3GIe22G-ML-Customer-engineering-manager-Dataloop-Ltd-Abu-Dhabi-United-Arab-Emirates?o=85&l=sp&t=sj&a=python|search-v3
Data Analyst,"Marriott International, Inc & Ritz Carlton Hotel Company L.L.C. -",26 days ago,"Dubai, United Arab Emirates ",Data Analyst,https://wuzzuf.net/jobs/p/ZMLwDViqAeRz-Data-Analyst-Marriott-International-Inc-Ritz-Carlton-Hotel-Company-L-L-C-Dubai-United-Arab-Emirates?o=86&l=sp&t=sj&a=python|search-v3
Senior Data Engineer,FlairsTech -,26 days ago,"Cairo, Egypt ",Senior Data Engineer,https://wuzzuf.net/jobs/p/9MxbMiUBDlBX-Senior-Data-Engineer-FlairsTech-Cairo-Egypt?o=87&l=sp&t=sj&a=python|search-v3
Data Engineer,Salt Search Ltd -,24 days ago,"Dubai, United Arab Emirates ",Data Engineer,https://wuzzuf.net/jobs/p/CiSijQCSQOAQ-Data-Engineer-Salt-Search-Ltd-Dubai-United-Arab-Emirates?o=88&l=sp&t=sj&a=python|search-v3
Process Engineer (7/08/2023),MphExperts -,24 days ago,"Doha, Qatar ",Process Engineer (7/08/2023),https://wuzzuf.net/jobs/p/d1Z6ZIBiBtYc-Process-Engineer-7082023-MphExperts-Doha-Qatar?o=89&l=sp&t=sj&a=python|search-v3
Learning & Development Officer - UAE National,Amwaj Rotana - Jumeirah Beach Residence -,24 days ago,"Dubai, United Arab Emirates ",Learning & Development Officer - UAE National,https://wuzzuf.net/jobs/p/cKUROmgXJVPH-Learning-Development-Officer---UAE-National-Amwaj-Rotana---Jumeirah-Beach-Residence-Dubai-United-Arab-Emirates?o=90&l=sp&t=sj&a=python|search-v3
Linux embedded engineer,Luxoft -,24 days ago,"Cairo, Egypt ",Linux embedded engineer,https://wuzzuf.net/jobs/p/nEheBLRKSx1w-Linux-embedded-engineer-Luxoft-Cairo-Egypt?o=91&l=sp&t=sj&a=python|search-v3
"Learning Associate, Learning & Development",Souq.com for E-Commerce LLC -,24 days ago,"Cairo, Egypt ","Learning Associate, Learning & Development",https://wuzzuf.net/jobs/p/3PQFoj7jQPQI-Learning-Associate-Learning-Development-Souq-com-for-E-Commerce-LLC-Cairo-Egypt?o=92&l=sp&t=sj&a=python|search-v3
Process Engineer (JO018497),MphExperts -,24 days ago,"Dubai, United Arab Emirates ",Process Engineer (JO018497),https://wuzzuf.net/jobs/p/wFQCCv38eERQ-Process-Engineer-JO018497-MphExperts-Dubai-United-Arab-Emirates?o=93&l=sp&t=sj&a=python|search-v3
GIS Developer,Giza Arabia Systems -,27 days ago,"Cairo, Egypt ",GIS Developer,https://wuzzuf.net/jobs/p/CqLz76UFYfGD-GIS-Developer-Giza-Arabia-Systems-Cairo-Egypt?o=94&l=sp&t=sj&a=python|search-v3
Intelligence Operations Integrator - Deployed,"Barbaricum, LLC -",27 days ago,"Doha, Qatar ",Intelligence Operations Integrator - Deployed,https://wuzzuf.net/jobs/p/ITuPDHvHiEWq-Intelligence-Operations-Integrator---Deployed-Barbaricum-LLC-Doha-Qatar?o=95&l=sp&t=sj&a=python|search-v3
Data Center Engineer,VAS Integrated Solutions -,25 days ago,"Cairo, Egypt ",Data Center Engineer,https://wuzzuf.net/jobs/p/3ASKeQgwkoNc-Data-Center-Engineer-VAS-Integrated-Solutions-Cairo-Egypt?o=96&l=sp&t=sj&a=python|search-v3
Data Analyst,Bragonatech -,26 days ago,"Dubai, United Arab Emirates ",Data Analyst,https://wuzzuf.net/jobs/p/n6iq9A9GpuNv-Data-Analyst-Bragonatech-Dubai-United-Arab-Emirates?o=97&l=sp&t=sj&a=python|search-v3
Data Center Engineer,Giza Arabia Systems -,26 days ago,"Cairo, Egypt ",Data Center Engineer,https://wuzzuf.net/jobs/p/72Y0Wno336wi-Data-Center-Engineer-Giza-Arabia-Systems-Cairo-Egypt?o=98&l=sp&t=sj&a=python|search-v3
Senior AI engineer,eT3 - Tomorrow Information Technology -,29 days ago,"Cairo, Egypt ",Senior AI engineer,https://wuzzuf.net/jobs/p/ueKRfercsUpZ-Senior-AI-engineer-eT3---Tomorrow-Information-Technology-Cairo-Egypt?o=99&l=sp&t=sj&a=python|search-v3
Business Analyst,eT3 - Tomorrow Information Technology -,29 days ago,"Cairo, Egypt ",Business Analyst,https://wuzzuf.net/jobs/p/xgRgz9RfzXSC-Business-Analyst-eT3---Tomorrow-Information-Technology-Cairo-Egypt?o=100&l=sp&t=sj&a=python|search-v3
Wanted: Part-Time Nanny/Home Assistant,"GreatAuPair, LLC -",28 days ago,"Doha, Qatar ",Wanted: Part-Time Nanny/Home Assistant,https://wuzzuf.net/jobs/p/46C8mUw9DxKI-Wanted-Part-Time-NannyHome-Assistant-GreatAuPair-LLC-Doha-Qatar?o=101&l=sp&t=sj&a=python|search-v3
Senior Data Engineer,Paymob Solutions -,1 month ago,"Maadi, Cairo, Egypt ",Senior Data Engineer,https://wuzzuf.net/jobs/p/quFn9XlgvuLA-Senior-Data-Engineer-Paymob-Solutions-Cairo-Egypt?o=102&l=sp&t=sj&a=python|search-v3
Data Scientist,eT3 - Tomorrow Information Technology -,29 days ago,"Cairo, Egypt ",Data Scientist,https://wuzzuf.net/jobs/p/7ecFYQvcGsIB-Data-Scientist-eT3---Tomorrow-Information-Technology-Cairo-Egypt?o=103&l=sp&t=sj&a=python|search-v3
Data Engineer,Ibn Sina Pharma -,1 month ago,"New Cairo, Cairo, Egypt ",Data Engineer,https://wuzzuf.net/jobs/p/Lbrv99VhWmgv-Data-Engineer-Ibn-Sina-Pharma-Cairo-Egypt?o=104&l=sp&t=sj&a=python|search-v3
Senior Full-Stack Developer (Backend Heavy),Valify -,1 month ago,"Maadi, Cairo, Egypt ",Senior Full-Stack Developer (Backend Heavy),https://wuzzuf.net/jobs/p/IF6axzvp6O4H-Senior-Full-Stack-Developer-Backend-Heavy-Valify-Cairo-Egypt?o=105&l=sp&t=sj&a=python|search-v3
"Jira Cloud Admin (Scrum Master) ""Fluent English Speakers Only""",FlairsTech -,1 month ago,"Cairo, Egypt ","Jira Cloud Admin (Scrum Master) ""Fluent English Speakers Only""",https://wuzzuf.net/jobs/p/gBToB9LqBiIs-Jira-Cloud-Admin-Scrum-Master-Fluent-English-Speakers-Only-FlairsTech-Cairo-Egypt?o=106&l=sp&t=sj&a=python|search-v3
Open-Source Technical Lead,LINK Development -,1 month ago,"Maadi, Cairo, Egypt ",Open-Source Technical Lead,https://wuzzuf.net/jobs/p/9Pt3yTFMwAxI-Open-Source-Technical-Lead-LINK-Development-Cairo-Egypt?o=107&l=sp&t=sj&a=python|search-v3
Senior AI Engineer,Lumin -,1 month ago,"Sheikh Zayed, Giza, Egypt ",Senior AI Engineer,https://wuzzuf.net/jobs/p/MVnI19NkwHZk-Senior-AI-Engineer-Lumin-Giza-Egypt?o=108&l=sp&t=sj&a=python|search-v3
AI Technical Team Lead (Computer Vision Focus),Lumin -,1 month ago,"Sheikh Zayed, Giza, Egypt ",AI Technical Team Lead (Computer Vision Focus),https://wuzzuf.net/jobs/p/Zf1qyM50FHBf-AI-Technical-Team-Lead-Computer-Vision-Focus-Lumin-Giza-Egypt?o=109&l=sp&t=sj&a=python|search-v3
Senior Software Engineer,TensorGraph -,1 month ago,"Maadi, Cairo, Egypt ",Senior Software Engineer,https://wuzzuf.net/jobs/p/UDpSOLGnqyC3-Senior-Software-Engineer-TensorGraph-Cairo-Egypt?o=110&l=sp&t=sj&a=python|search-v3
BI Data Analyst,Ibn Sina Pharma -,1 month ago,"New Cairo, Cairo, Egypt ",BI Data Analyst,https://wuzzuf.net/jobs/p/7LoQOww44Xy3-BI-Data-Analyst-Ibn-Sina-Pharma-Cairo-Egypt?o=111&l=sp&t=sj&a=python|search-v3
Machine Learning Intern,Talents Arena -,1 month ago,"Heliopolis, Cairo, Egypt ",Machine Learning Intern,https://wuzzuf.net/internship/xfKqVWXmST84-Machine-Learning-Intern-Talents-Arena-Cairo-Egypt?o=112&l=sp&t=sj&a=python|search-v3
Data Engineer,Sceel.io -,1 month ago,"Maadi, Cairo, Egypt ",Data Engineer,https://wuzzuf.net/jobs/p/rUeJNFYkGLSR-Data-Engineer-Sceel-io-Cairo-Egypt?o=113&l=sp&t=sj&a=python|search-v3
Senior Technical Team Lead,Fintactics Ventures  -,1 month ago,"New Cairo, Cairo, Egypt ",Senior Technical Team Lead,https://wuzzuf.net/jobs/p/zc8b5lzFCk7q-Senior-Technical-Team-Lead-Fintactics-Ventures-Cairo-Egypt?o=114&l=sp&t=sj&a=python|search-v3
Software Expert,PowerCom -,1 month ago,"New Cairo, Cairo, Egypt ",Software Expert,https://wuzzuf.net/jobs/p/zbmqKi8lsDzZ-Software-Expert-PowerCom-Cairo-Egypt?o=115&l=sp&t=sj&a=python|search-v3
Data Architect,Sceel.io -,1 month ago,"Maadi, Cairo, Egypt ",Data Architect,https://wuzzuf.net/jobs/p/spN4mzsCCoLd-Data-Architect-Sceel-io-Cairo-Egypt?o=116&l=sp&t=sj&a=python|search-v3
Computer Vision / Deep Learning Engineer,PowerCom -,1 month ago,"New Cairo, Cairo, Egypt ",Computer Vision / Deep Learning Engineer,https://wuzzuf.net/jobs/p/H4tY3owYsIyO-Computer-Vision-Deep-Learning-Engineer-PowerCom-Cairo-Egypt?o=117&l=sp&t=sj&a=python|search-v3
Senior Data Engineer,Confidential -,1 month ago,"Cairo, Egypt ",Senior Data Engineer,https://wuzzuf.net/jobs/p/x7wLKR2dEktf-Senior-Data-Engineer-Cairo-Egypt?o=118&l=sp&t=sj&a=python|search-v3
ERPNext Specialist/Data Analyst,Confidential -,1 month ago,"Alexandria, Egypt ",ERPNext Specialist/Data Analyst,https://wuzzuf.net/jobs/p/6hFUHLDQOVau-ERPNext-SpecialistData-Analyst-Alexandria-Egypt?o=119&l=sp&t=sj&a=python|search-v3
Odoo Developer,Pan Marine Group -,1 month ago,"Alexandria, Egypt ",Odoo Developer,https://wuzzuf.net/jobs/p/r7ibk5tvunYr-Odoo-Developer-Pan-Marine-Group-Alexandria-Egypt?o=120&l=sp&t=sj&a=python|search-v3
Senior Odoo Developer,Crevisoft Corporation -,1 month ago,"Maadi, Cairo, Egypt ",Senior Odoo Developer,https://wuzzuf.net/jobs/p/pBfnkSPvVdLZ-Senior-Odoo-Developer-Crevisoft-Corporation-Cairo-Egypt?o=121&l=sp&t=sj&a=python|search-v3
Web and Mobile App Developers,InHouse World Ltd  -,2 months ago,"Cairo, Egypt ",Web and Mobile App Developers,https://wuzzuf.net/jobs/p/UqFRJaKNCXB2-Web-and-Mobile-App-Developers-InHouse-World-Ltd-Cairo-Egypt?o=122&l=sp&t=sj&a=python|search-v3
Senior Full Stack Developer,Robiquity -,2 months ago,"New Cairo, Cairo, Egypt ",Senior Full Stack Developer,https://wuzzuf.net/jobs/p/j4nq3BUwompa-Senior-Full-Stack-Developer-Robiquity-Cairo-Egypt?o=123&l=sp&t=sj&a=python|search-v3
IT expert Odoo Developer,Confidential -,2 months ago,"Mohandessin, Giza, Egypt ",IT expert Odoo Developer,https://wuzzuf.net/jobs/p/nnrG6xw3OTdd-IT-expert-Odoo-Developer-Giza-Egypt?o=124&l=sp&t=sj&a=python|search-v3
Senior Data Modeler,SSC Egypt -,2 months ago,"Cairo, Egypt ",Senior Data Modeler,https://wuzzuf.net/jobs/p/PMdVnzHd4ejT-Senior-Data-Modeler-SSC-Egypt-Cairo-Egypt?o=125&l=sp&t=sj&a=python|search-v3
Backend Lead,Confidential -,2 months ago,"Giza, Egypt ",Backend Lead,https://wuzzuf.net/jobs/p/zfRFbEiGl5dI-Backend-Lead-Giza-Egypt?o=126&l=sp&t=sj&a=python|search-v3
Backend Developer - FastAPI with AuroraDB,LuciDreams -,2 months ago,"London, United Kingdom ",Backend Developer - FastAPI with AuroraDB,https://wuzzuf.net/jobs/p/u7eXepKUZc06-Backend-Developer---FastAPI-with-AuroraDB-LuciDreams-London-United-Kingdom?o=127&l=sp&t=sj&a=python|search-v3
Frontend Software Engineer,Confidential -,2 months ago,"Madinaty, Cairo, Egypt ",Frontend Software Engineer,https://wuzzuf.net/jobs/p/TdIBE1LYqhRy-Frontend-Software-Engineer-Cairo-Egypt?o=128&l=sp&t=sj&a=python|search-v3
DevOps Engineer,Softec Technologies -,2 months ago,"Cairo, Egypt ",DevOps Engineer,https://wuzzuf.net/jobs/p/GEGRNJiZHjVp-DevOps-Engineer-Softec-Technologies-Cairo-Egypt?o=129&l=sp&t=sj&a=python|search-v3
"Senior Full-Stack Developer(Nodejs, Vuejs)",Seoudi Supermarket -,2 months ago,"Sheikh Zayed, Giza, Egypt ","Senior Full-Stack Developer(Nodejs, Vuejs)",https://wuzzuf.net/jobs/p/YykkhRmmVvLI-Senior-Full-Stack-DeveloperNodejs-Vuejs-Seoudi-Supermarket-Giza-Egypt?o=130&l=sp&t=sj&a=python|search-v3
Senior .NET Full Stack Developer (.NET Core & Angular),Lumin -,2 months ago,"Sheikh Zayed, Giza, Egypt ",Senior .NET Full Stack Developer (.NET Core & Angular),https://wuzzuf.net/jobs/p/koMwOU35r9me-Senior-NET-Full-Stack-Developer-NET-Core-Angular-Lumin-Giza-Egypt?o=131&l=sp&t=sj&a=python|search-v3
Robotics & STEAM Instructor (for Kids),Edu-Zone -,2 months ago,"Cairo, Egypt ",Robotics & STEAM Instructor (for Kids),https://wuzzuf.net/jobs/p/zxjH2PxHh1Mq-Robotics-STEAM-Instructor-for-Kids-Edu-Zone-Cairo-Egypt?o=132&l=sp&t=sj&a=python|search-v3
Senior Business Consultant/ Manager,CRIF EGYPT -,2 months ago,"Heliopolis, Cairo, Egypt ",Senior Business Consultant/ Manager,https://wuzzuf.net/jobs/p/n1zkpKW1Nq34-Senior-Business-Consultant-Manager-CRIF-EGYPT-Cairo-Egypt?o=133&l=sp&t=sj&a=python|search-v3
Full Stack Developer,Khales -,2 months ago,"Giza, Egypt ",Full Stack Developer,https://wuzzuf.net/jobs/p/aG5Hxy8ajgV4-Full-Stack-Developer-Khales-Giza-Egypt?o=134&l=sp&t=sj&a=python|search-v3
"Senior Category Manager, GPO",Afaq - Logistics Branch -,15 days ago,"Riyadh, Saudi Arabia ","Senior Category Manager, GPO",https://wuzzuf.net/jobs/p/9YuWHcL7KDxu-Senior-Category-Manager-GPO-Afaq---Logistics-Branch-Riyadh-Saudi-Arabia?o=135&l=sp&t=sj&a=python|search-v3
Applications team lead,Dataloop Ltd -,1 hour ago,"Abu Dhabi, United Arab Emirates ",Applications team lead,https://wuzzuf.net/jobs/p/ZgubTdlYUt8h-Applications-team-lead-Dataloop-Ltd-Abu-Dhabi-United-Arab-Emirates?o=136&l=sp&t=sj&a=python|search-v3
Senior Application Developer (QuickBase),"Pixelogic Media Partners, LLC -",2 hours ago,"Cairo, Egypt ",Senior Application Developer (QuickBase),https://wuzzuf.net/jobs/p/JIghvD8OoWpa-Senior-Application-Developer-QuickBase-Pixelogic-Media-Partners-LLC-Cairo-Egypt?o=137&l=sp&t=sj&a=python|search-v3
Technical Lead Full Stack,webSTDY -,15 hours ago,"Mohandessin, Giza, Egypt ",Technical Lead Full Stack,https://wuzzuf.net/jobs/p/j9r5RobbaBnl-Technical-Lead-Full-Stack-webSTDY-Giza-Egypt?o=138&l=sp&t=sj&a=python|search-v3
Senior Data Engineer,Erada -,1 day ago,"Maadi, Cairo, Egypt ",Senior Data Engineer,https://wuzzuf.net/jobs/p/08GB5nYTFrlR-Senior-Data-Engineer-Erada-Cairo-Egypt?o=139&l=sp&t=sj&a=python|search-v3
Clinical Web Applications Junior Support Specialist,Egypt HiTech   -,2 days ago,"Mansoura, Dakahlia, Egypt ",Clinical Web Applications Junior Support Specialist,https://wuzzuf.net/jobs/p/y1WeTmEoGERQ-Clinical-Web-Applications-Junior-Support-Specialist-Egypt-HiTech-Dakahlia-Egypt?o=140&l=sp&t=sj&a=python|search-v3
Senior Odoo Developer,Confidential -,6 days ago,"Cairo, Egypt ",Senior Odoo Developer,https://wuzzuf.net/jobs/p/Q9A8Xa68lgDP-Senior-Odoo-Developer-Cairo-Egypt?o=141&l=sp&t=sj&a=python|search-v3
Senior Applications Developer (.Net),Confidential -,7 days ago,"New Cairo, Cairo, Egypt ",Senior Applications Developer (.Net),https://wuzzuf.net/jobs/p/cLTcnZC2wHwi-Senior-Applications-Developer-Net-Cairo-Egypt?o=142&l=sp&t=sj&a=python|search-v3
Java Developer,Dolf -,20 days ago,"Heliopolis, Cairo, Egypt ",Java Developer,https://wuzzuf.net/jobs/p/dxkOSXuK85Ly-Java-Developer-Dolf-Cairo-Egypt?o=143&l=sp&t=sj&a=python|search-v3
Senior Quality Control,Salem Ventures -,28 days ago,"New Cairo, Cairo, Egypt ",Senior Quality Control,https://wuzzuf.net/jobs/p/DDNDRD6O0YNl-Senior-Quality-Control-Salem-Ventures-Cairo-Egypt?o=144&l=sp&t=sj&a=python|search-v3
data analysis,Care Services EG -,8 days ago,"Abbassia, Cairo, Egypt ",data analysis,https://wuzzuf.net/jobs/p/Hvr2zEMqwQ0Y-data-analysis-Care-Services-EG-Cairo-Egypt?o=145&l=sp&t=sj&a=python|search-v3
Business Analyst,Confidential -,9 days ago,"New Cairo, Cairo, Egypt ",Business Analyst,https://wuzzuf.net/jobs/p/DWqd2Z3DDFX4-Business-Analyst-Cairo-Egypt?o=146&l=sp&t=sj&a=python|search-v3
ML Customer engineering,Dataloop Ltd -,26 days ago,"Abu Dhabi, United Arab Emirates ",ML Customer engineering,https://wuzzuf.net/jobs/p/ZRUB6WxFm5cC-ML-Customer-engineering-Dataloop-Ltd-Abu-Dhabi-United-Arab-Emirates?o=147&l=sp&t=sj&a=python|search-v3
Mobile Developer,Dakkaken -,11 days ago,"Cairo, Egypt ",Mobile Developer,https://wuzzuf.net/jobs/p/jYoUhXUvDvIH-Mobile-Developer-Dakkaken-Cairo-Egypt?o=148&l=sp&t=sj&a=python|search-v3
Instructor for Kids (Ages 7-14),CodeTreps -,12 days ago,"Mahta Alraml, Alexandria, Egypt ",Instructor for Kids (Ages 7-14),https://wuzzuf.net/jobs/p/Xn3INdN4bAS0-Instructor-for-Kids-Ages-7-14-CodeTreps-Alexandria-Egypt?o=149&l=sp&t=sj&a=python|search-v3
Senior Full Stack Developer,Paymint -,12 days ago,"Maadi, Cairo, Egypt ",Senior Full Stack Developer,https://wuzzuf.net/jobs/p/X4h8ztO3haIO-Senior-Full-Stack-Developer-Paymint-Cairo-Egypt?o=150&l=sp&t=sj&a=python|search-v3
Quantitative Trader Equities HFT - Dubai,Harcourt Patterson Group -,16 minutes ago,"Dubai, United Arab Emirates ",Quantitative Trader Equities HFT - Dubai,https://wuzzuf.net/jobs/p/iy4sRZMhYhs5-Quantitative-Trader-Equities-HFT---Dubai-Harcourt-Patterson-Group-Dubai-United-Arab-Emirates?o=151&l=sp&t=sj&a=python|search-v3
Quantitative Trader Futures HFT - Dubai,Harcourt Patterson Group -,2 days ago,"Dubai, United Arab Emirates ",Quantitative Trader Futures HFT - Dubai,https://wuzzuf.net/jobs/p/NImnDrJPj6Rd-Quantitative-Trader-Futures-HFT---Dubai-Harcourt-Patterson-Group-Dubai-United-Arab-Emirates?o=152&l=sp&t=sj&a=python|search-v3
Quantitative Trader Futures MFT - Dubai,Harcourt Patterson Group -,2 days ago,"Dubai, United Arab Emirates ",Quantitative Trader Futures MFT - Dubai,https://wuzzuf.net/jobs/p/B5mXyTJvac6S-Quantitative-Trader-Futures-MFT---Dubai-Harcourt-Patterson-Group-Dubai-United-Arab-Emirates?o=153&l=sp&t=sj&a=python|search-v3
Quantitative Trader Equities MFT - Dubai,Harcourt Patterson Group -,2 days ago,"Dubai, United Arab Emirates ",Quantitative Trader Equities MFT - Dubai,https://wuzzuf.net/jobs/p/TTSpJuVn7auT-Quantitative-Trader-Equities-MFT---Dubai-Harcourt-Patterson-Group-Dubai-United-Arab-Emirates?o=154&l=sp&t=sj&a=python|search-v3
Operations Geoscientists,Saudi Geophysical -,2 days ago,"Riyadh, Saudi Arabia ",Operations Geoscientists,https://wuzzuf.net/jobs/p/REXdZRI1IwuS-Operations-Geoscientists-Saudi-Geophysical-Riyadh-Saudi-Arabia?o=155&l=sp&t=sj&a=python|search-v3
Group Digital Platform Specialist,Mediclinic International -,4 days ago,"Dubai, United Arab Emirates ",Group Digital Platform Specialist,https://wuzzuf.net/jobs/p/MrV3NMgaj1KH-Group-Digital-Platform-Specialist-Mediclinic-International-Dubai-United-Arab-Emirates?o=156&l=sp&t=sj&a=python|search-v3
Group Cloud Solutions Engineer,Mediclinic International -,5 days ago,"Dubai, United Arab Emirates ",Group Cloud Solutions Engineer,https://wuzzuf.net/jobs/p/DgqkNABVFKWs-Group-Cloud-Solutions-Engineer-Mediclinic-International-Dubai-United-Arab-Emirates?o=157&l=sp&t=sj&a=python|search-v3
Senior network engineer,Dautom -,5 days ago,"Sharjah, United Arab Emirates ",Senior network engineer,https://wuzzuf.net/jobs/p/Hh7g4wOp7Jad-Senior-network-engineer-Dautom-Sharjah-United-Arab-Emirates?o=158&l=sp&t=sj&a=python|search-v3
Project Engineering Intern (Summer 24),Arpatech -,6 days ago,"Medina, Saudi Arabia ",Project Engineering Intern (Summer 24),https://wuzzuf.net/jobs/p/Uyw9SZbZI41F-Project-Engineering-Intern-Summer-24-Arpatech-Medina-Saudi-Arabia?o=159&l=sp&t=sj&a=python|search-v3
Software Engineer - Intern,Dubizzle Limited -,6 days ago,"Dubai, United Arab Emirates ",Software Engineer - Intern,https://wuzzuf.net/jobs/p/ojKsKmScoJdc-Software-Engineer---Intern-Dubizzle-Limited-Dubai-United-Arab-Emirates?o=160&l=sp&t=sj&a=python|search-v3
Senior Software Support Engineer,Luxoft -,6 days ago,"Cairo, Egypt ",Senior Software Support Engineer,https://wuzzuf.net/jobs/p/bxkBoZ97jFb2-Senior-Software-Support-Engineer-Luxoft-Cairo-Egypt?o=161&l=sp&t=sj&a=python|search-v3
Senior Technical Support Consultant - Dynatrace Team,Giza Arabia Systems -,27 days ago,"Cairo, Egypt ",Senior Technical Support Consultant - Dynatrace Team,https://wuzzuf.net/jobs/p/WkwZyG7wRomd-Senior-Technical-Support-Consultant---Dynatrace-Team-Giza-Arabia-Systems-Cairo-Egypt?o=162&l=sp&t=sj&a=python|search-v3
Associate Project Engineer - UAE National,Hitachi ABB Power Grids -,27 days ago,"Dubai, United Arab Emirates ",Associate Project Engineer - UAE National,https://wuzzuf.net/jobs/p/g9kIFqXrZON0-Associate-Project-Engineer---UAE-National-Hitachi-ABB-Power-Grids-Dubai-United-Arab-Emirates?o=163&l=sp&t=sj&a=python|search-v3
IT Engineer - Systems Administration (Part-time) | ICT and IT Security,American University of Sharjah -,27 days ago,"Sharjah, United Arab Emirates ",IT Engineer - Systems Administration (Part-time) | ICT and IT Security,https://wuzzuf.net/jobs/p/m0rOgTD0BTZD-IT-Engineer---Systems-Administration-Part-time-ICT-and-IT-Security-American-University-of-Sharjah-Sharjah-United-Arab-Emirates?o=164&l=sp&t=sj&a=python|search-v3
IT Engineer- Applications and Development (Part-time) | ICT and IT Security,American University of Sharjah -,27 days ago,"Sharjah, United Arab Emirates ",IT Engineer- Applications and Development (Part-time) | ICT and IT Security,https://wuzzuf.net/jobs/p/eIjWhauuVePS-IT-Engineer--Applications-and-Development-Part-time-ICT-and-IT-Security-American-University-of-Sharjah-Sharjah-United-Arab-Emirates?o=165&l=sp&t=sj&a=python|search-v3
System Administrator,YMZ -,14 days ago,"Giza, Giza, Egypt ",System Administrator,https://wuzzuf.net/jobs/p/g8TmOIiAbP45-System-Administrator-YMZ-Giza-Egypt?o=166&l=sp&t=sj&a=python|search-v3
Full Stack Team Lead,SATA Group -,14 days ago,"Nasr City, Cairo, Egypt ",Full Stack Team Lead,https://wuzzuf.net/jobs/p/PgKQDhIR0shm-Full-Stack-Team-Lead-SATA-Group-Cairo-Egypt?o=167&l=sp&t=sj&a=python|search-v3
DevOps Lead,SSC Egypt -,14 days ago,"New Cairo, Cairo, Egypt ",DevOps Lead,https://wuzzuf.net/jobs/p/STkR16QGzFS0-DevOps-Lead-SSC-Egypt-Cairo-Egypt?o=168&l=sp&t=sj&a=python|search-v3
Full Stack Developer,Bekia -,16 days ago,"Cairo, Egypt ",Full Stack Developer,https://wuzzuf.net/jobs/p/eNlrsobTZZmw-Full-Stack-Developer-Bekia-Cairo-Egypt?o=169&l=sp&t=sj&a=python|search-v3
Backend Engineer (Remote),Pemo -,12 days ago,"Cairo, Egypt ",Backend Engineer (Remote),https://wuzzuf.net/jobs/p/fr5vBvWLTDyH-Backend-Engineer-Remote-Pemo-Cairo-Egypt?o=170&l=sp&t=sj&a=python|search-v3
Backend Developer,Dillx -,19 days ago,"New Cairo, Cairo, Egypt ",Backend Developer,https://wuzzuf.net/jobs/p/g5D1qdGXvf8L-Backend-Developer-Elevoro-Cairo-Egypt?o=171&l=sp&t=sj&a=python|search-v3
Senior Network & Security Engineer,Network International -Egypt -,19 days ago,"New Cairo, Cairo, Egypt ",Senior Network & Security Engineer,https://wuzzuf.net/jobs/p/MotxVakneopX-Senior-Network-Security-Engineer-Network-International--Egypt-Cairo-Egypt?o=172&l=sp&t=sj&a=python|search-v3
Technical Lead,Mediclinic International -,15 days ago,"Dubai, United Arab Emirates ",Technical Lead,https://wuzzuf.net/jobs/p/RHHfFRGFU1FU-Technical-Lead-Mediclinic-International-Dubai-United-Arab-Emirates?o=173&l=sp&t=sj&a=python|search-v3
IT Specialist - Candidates with Diverse Disabilities,IBM WTC Egypt -,15 days ago,"Cairo, Egypt ",IT Specialist - Candidates with Diverse Disabilities,https://wuzzuf.net/jobs/p/4ShPzGkYu8Wq-IT-Specialist---Candidates-with-Diverse-Disabilities-IBM-WTC-Egypt-Cairo-Egypt?o=174&l=sp&t=sj&a=python|search-v3
Software Development Engineer (Backend),Investsky -,15 days ago,"Dubai, United Arab Emirates ",Software Development Engineer (Backend),https://wuzzuf.net/jobs/p/JLF4I7aLxIMv-Software-Development-Engineer-Backend-Investsky-Dubai-United-Arab-Emirates?o=175&l=sp&t=sj&a=python|search-v3
"Manager, Data Architecture & Engineering Egypt - Giza - Orange Egypt",Orange Digital Ventures -,15 days ago,"Cairo, Egypt ","Manager, Data Architecture & Engineering Egypt - Giza - Orange Egypt",https://wuzzuf.net/jobs/p/OqYPVVV4qq5U-Manager-Data-Architecture-Engineering-Egypt---Giza---Orange-Egypt-Orange-Digital-Ventures-Cairo-Egypt?o=176&l=sp&t=sj&a=python|search-v3
Senior IOS Developer,Salt Search Ltd -,15 days ago,"Abu Dhabi, United Arab Emirates ",Senior IOS Developer,https://wuzzuf.net/jobs/p/xMM1auduwYN3-Senior-IOS-Developer-Salt-Search-Ltd-Abu-Dhabi-United-Arab-Emirates?o=177&l=sp&t=sj&a=python|search-v3
Senior Front End Developer / Senior Full Stack Developer,Ship To Box -,20 days ago,"Sheikh Zayed, Giza, Egypt ",Senior Front End Developer / Senior Full Stack Developer,https://wuzzuf.net/jobs/p/LgvCNl0wBJmn-Senior-Front-End-Developer-Senior-Full-Stack-Developer-Ship-To-Box-Giza-Egypt?o=178&l=sp&t=sj&a=python|search-v3
Quality Assurance Specialist (Remote),SiFi -,21 days ago,"Riyadh, Saudi Arabia ",Quality Assurance Specialist (Remote),https://wuzzuf.net/jobs/p/5RJqXyWVKsZk-Quality-Assurance-Specialist-Remote-SiFi-Riyadh-Saudi-Arabia?o=179&l=sp&t=sj&a=python|search-v3
Senior Software Engineer - Full Stack,Erada -,21 days ago,"Maadi, Cairo, Egypt ",Senior Software Engineer - Full Stack,https://wuzzuf.net/jobs/p/slEqQW6EJw0r-Senior-Software-Engineer---Full-Stack-Erada-Cairo-Egypt?o=180&l=sp&t=sj&a=python|search-v3
Data Scientist,egabi solutions -,21 days ago,"Heliopolis, Cairo, Egypt ",Data Scientist,https://wuzzuf.net/jobs/p/gsWTviAzR4za-Data-Scientist-egabi-solutions-Cairo-Egypt?o=181&l=sp&t=sj&a=python|search-v3
OT SOC Lead,Arthur Lawrence -,19 days ago,"Dubai, United Arab Emirates ",OT SOC Lead,https://wuzzuf.net/jobs/p/KN25OfX8cN5E-OT-SOC-Lead-Arthur-Lawrence-Dubai-United-Arab-Emirates?o=182&l=sp&t=sj&a=python|search-v3
Solution Architect,Envisions Employment Solutions -,21 days ago,"Cairo, Egypt ",Solution Architect,https://wuzzuf.net/jobs/p/3kljUDhmOtwE-Solution-Architect-Envisions-Employment-Solutions-Cairo-Egypt?o=183&l=sp&t=sj&a=python|search-v3
Web Developer,Envisions Employment Solutions -,21 days ago,"Cairo, Egypt ",Web Developer,https://wuzzuf.net/jobs/p/jgU45KUq03Kj-Web-Developer-Envisions-Employment-Solutions-Cairo-Egypt?o=184&l=sp&t=sj&a=python|search-v3
Senior Odoo Developer,Sceel.io -,25 days ago,"Maadi, Cairo, Egypt ",Senior Odoo Developer,https://wuzzuf.net/jobs/p/EtHyMPCyxaoS-Senior-Odoo-Developer-Sceel-io-Cairo-Egypt?o=185&l=sp&t=sj&a=python|search-v3
Business Intelligence Assistant Manager,SAVOLA -,25 days ago,"Nasr City, Cairo, Egypt ",Business Intelligence Assistant Manager,https://wuzzuf.net/jobs/p/xGe69qJYLxYA-Business-Intelligence-Assistant-Manager-SAVOLA-Cairo-Egypt?o=186&l=sp&t=sj&a=python|search-v3
Full Stack Developer - Internship,Sequel Solutions -,26 days ago,"Downtown, Cairo, Egypt ",Full Stack Developer - Internship,https://wuzzuf.net/internship/YIKb5K4qTnm2-Full-Stack-Developer---Internship-Sequel-Solutions-Cairo-Egypt?o=187&l=sp&t=sj&a=python|search-v3
Senior/Staff/Senior Staff Data Science & Process Automation Engineer,Si-Ware System -,24 days ago,"Cairo, Egypt ",Senior/Staff/Senior Staff Data Science & Process Automation Engineer,https://wuzzuf.net/jobs/p/M2lYGPeETme4-SeniorStaffSenior-Staff-Data-Science-Process-Automation-Engineer-Si-Ware-System-Cairo-Egypt?o=188&l=sp&t=sj&a=python|search-v3
Senior Backend Software Engineer,Si-Ware System -,24 days ago,"Cairo, Egypt ",Senior Backend Software Engineer,https://wuzzuf.net/jobs/p/QcGLwdzU2wgX-Senior-Backend-Software-Engineer-Si-Ware-System-Cairo-Egypt?o=189&l=sp&t=sj&a=python|search-v3
System Administrator,IMUT International Marathon United Technology -,28 days ago,"Obour City, Cairo, Egypt ",System Administrator,https://wuzzuf.net/jobs/p/UPcnDer2WE0U-System-Administrator-IMUT-International-Marathon-United-Technology-Cairo-Egypt?o=190&l=sp&t=sj&a=python|search-v3
Web developer - Ecommerce,Caliberly -,25 days ago,"Riyadh, Saudi Arabia ",Web developer - Ecommerce,https://wuzzuf.net/jobs/p/AOhDBI0bAzgt-Web-developer---Ecommerce-Caliberly-Riyadh-Saudi-Arabia?o=191&l=sp&t=sj&a=python|search-v3
Chief Analyst - Talent Development Center,Roads and Transport Authority -,25 days ago,"Dubai, United Arab Emirates ",Chief Analyst - Talent Development Center,https://wuzzuf.net/jobs/p/fOZo34M7bEIJ-Chief-Analyst---Talent-Development-Center-Roads-and-Transport-Authority-Dubai-United-Arab-Emirates?o=192&l=sp&t=sj&a=python|search-v3
Arabic speaking Senior Backend Integration Developer,apt resources -,26 days ago,"Riyadh, Saudi Arabia ",Arabic speaking Senior Backend Integration Developer,https://wuzzuf.net/jobs/p/6ZAlxRi6YBXS-Arabic-speaking-Senior-Backend-Integration-Developer-apt-resources-Riyadh-Saudi-Arabia?o=193&l=sp&t=sj&a=python|search-v3
"Manager, Business Intelligence & Advanced Analytics",Ma’aden -,26 days ago,"Riyadh, Saudi Arabia ","Manager, Business Intelligence & Advanced Analytics",https://wuzzuf.net/jobs/p/cO4E34z7prEm-Manager-Business-Intelligence-Advanced-Analytics-Ma’aden-Riyadh-Saudi-Arabia?o=194&l=sp&t=sj&a=python|search-v3
Data Integration Consultant,eT3 - Tomorrow Information Technology -,29 days ago,"Cairo, Egypt ",Data Integration Consultant,https://wuzzuf.net/jobs/p/Ul1AOgZOXbsK-Data-Integration-Consultant-eT3---Tomorrow-Information-Technology-Cairo-Egypt?o=195&l=sp&t=sj&a=python|search-v3
Full Stack Developer,Dakkaken -,29 days ago,"Cairo, Egypt ",Full Stack Developer,https://wuzzuf.net/jobs/p/muT9htEL0dHF-Full-Stack-Developer-Dakkaken-Cairo-Egypt?o=196&l=sp&t=sj&a=python|search-v3
SW Automation Quality Control Test Lead,Ejada  -,29 days ago,"Cairo, Egypt ",SW Automation Quality Control Test Lead,https://wuzzuf.net/jobs/p/RIsCwN1lBNxd-SW-Automation-Quality-Control-Test-Lead-Ejada-Cairo-Egypt?o=197&l=sp&t=sj&a=python|search-v3
Logistics Performance Analyst - Egypt,Sary Technologies -,28 days ago,"Cairo, Egypt ",Logistics Performance Analyst - Egypt,https://wuzzuf.net/jobs/p/mG3LzCXFvDHm-Logistics-Performance-Analyst---Egypt-Sary-Technologies-Cairo-Egypt?o=198&l=sp&t=sj&a=python|search-v3
Senior Odoo Developer,CyShield For Technology -,28 days ago,"Cairo, Egypt ",Senior Odoo Developer,https://wuzzuf.net/jobs/p/gksh7PiXb2AG-Senior-Odoo-Developer-CyShield-For-Technology-Cairo-Egypt?o=199&l=sp&t=sj&a=python|search-v3
Backend Developer,Talents Arena -,29 days ago,"6th of October, Giza, Egypt ",Backend Developer,https://wuzzuf.net/internship/kziysHqtqIMv-Backend-Developer-Talents-Arena-Giza-Egypt?o=200&l=sp&t=sj&a=python|search-v3
Full Stack Developer - remote (Internship),Sequel Solutions -,1 month ago,"Downtown, Cairo, Egypt ",Full Stack Developer - remote (Internship),https://wuzzuf.net/internship/NTrwN8cjHGjY-Full-Stack-Developer---remote-Internship-Sequel-Solutions-Cairo-Egypt?o=201&l=sp&t=sj&a=python|search-v3
Technical Lead,Aman -,1 month ago,"6th of October, Giza, Egypt ",Technical Lead,https://wuzzuf.net/jobs/p/Rk6mxsu1mhxx-Technical-Lead-Aman-Giza-Egypt?o=202&l=sp&t=sj&a=python|search-v3
Full Stack Web Developer,Core Technology Solutions  -,1 month ago,"Maadi, Cairo, Egypt ",Full Stack Web Developer,https://wuzzuf.net/jobs/p/m0k5Ormo8d3i-Full-Stack-Web-Developer-Core-Technology-Solutions-Cairo-Egypt?o=203&l=sp&t=sj&a=python|search-v3
Senior Backend Developer- Node.JS,Digis Squared (Digis2) ◦ Enabling smarter networks -,1 month ago,"Maadi, Cairo, Egypt ",Senior Backend Developer- Node.JS,https://wuzzuf.net/jobs/p/FPbFd0Pw5DW7-Senior-Backend-Developer--NodeJS-Digis-Squared-Digis2-◦-Enabling-smarter-networks-Cairo-Egypt?o=204&l=sp&t=sj&a=python|search-v3
Full Stack Developer,Pinehart -,1 month ago,"Cairo, Egypt ",Full Stack Developer,https://wuzzuf.net/jobs/p/55nAlbqXmPM9-Full-Stack-Developer-Pinehart-Cairo-Egypt?o=205&l=sp&t=sj&a=python|search-v3
Senior Data Engineer,BBI-Consultancy -,1 month ago,"Nasr City, Cairo, Egypt ",Senior Data Engineer,https://wuzzuf.net/jobs/p/KwGwUs8JytiA-Senior-Data-Engineer-BBI-Consultancy-Cairo-Egypt?o=206&l=sp&t=sj&a=python|search-v3
Web Application Developer,PQS -,1 month ago,"10th of Ramadan City, Sharqia, Egypt ",Web Application Developer,https://wuzzuf.net/jobs/p/u69rU3w7n4Gh-Web-Application-Developer-PQS-Sharqia-Egypt?o=207&l=sp&t=sj&a=python|search-v3
Artificial Intelligence Engineer,ArabWork -,1 month ago,"Cairo, Egypt ",Artificial Intelligence Engineer,https://wuzzuf.net/jobs/p/x3oHhDzoNfSK-Artificial-Intelligence-Engineer-ArabWork-Cairo-Egypt?o=208&l=sp&t=sj&a=python|search-v3
Web Developer,Heliopolis University -,1 month ago,"Obour City, Cairo, Egypt ",Web Developer,https://wuzzuf.net/jobs/p/UllhasXZf34J-Web-Developer-Heliopolis-University-Cairo-Egypt?o=209&l=sp&t=sj&a=python|search-v3
Senior Backend Developer,Robiquity -,2 months ago,"New Cairo, Cairo, Egypt ",Senior Backend Developer,https://wuzzuf.net/jobs/p/syaxxYizxo1M-Senior-Backend-Developer-Robiquity-Cairo-Egypt?o=210&l=sp&t=sj&a=python|search-v3
Data Modeler,Sceel.io -,1 month ago,"Maadi, Cairo, Egypt ",Data Modeler,https://wuzzuf.net/jobs/p/KKA9l90GOqPD-Data-Modeler-Sceel-io-Cairo-Egypt?o=211&l=sp&t=sj&a=python|search-v3
Data Quality Specialist,Sceel.io -,1 month ago,"Maadi, Cairo, Egypt ",Data Quality Specialist,https://wuzzuf.net/jobs/p/nf2ogZIu7Ilr-Data-Quality-Specialist-Sceel-io-Cairo-Egypt?o=212&l=sp&t=sj&a=python|search-v3
Cyber Security Engineer,PowerCom -,1 month ago,"New Cairo, Cairo, Egypt ",Cyber Security Engineer,https://wuzzuf.net/jobs/p/RxJyG6emWwBf-Cyber-Security-Engineer-PowerCom-Cairo-Egypt?o=213&l=sp&t=sj&a=python|search-v3
AI Intern,Barkotel -,1 month ago,"Sheraton, Cairo, Egypt ",AI Intern,https://wuzzuf.net/internship/cWw9mcxePyOz-AI-Intern-Barkotel-Cairo-Egypt?o=214&l=sp&t=sj&a=python|search-v3
GIS Database Manager,Perfect Presentation -,1 month ago,"6th of October, Giza, Egypt ",GIS Database Manager,https://wuzzuf.net/jobs/p/9JfjMVu3h49m-GIS-Database-Manager-Perfect-Presentation-Giza-Egypt?o=215&l=sp&t=sj&a=python|search-v3
Senior MEP Estimation Engineer,Confidential -,1 month ago,"Katameya, Cairo, Egypt ",Senior MEP Estimation Engineer,https://wuzzuf.net/jobs/p/W41exEkraVIq-Senior-MEP-Estimation-Engineer-Cairo-Egypt?o=216&l=sp&t=sj&a=python|search-v3
Full Stack Web Developer,MRM Advertising -,2 months ago,"Dubai, United Arab Emirates ",Full Stack Web Developer,https://wuzzuf.net/jobs/p/oVjxYuiPGucX-Full-Stack-Web-Developer-MRM-Advertising-Dubai-United-Arab-Emirates?o=217&l=sp&t=sj&a=python|search-v3
Senior Full Stack Developer,Aria Systems -,2 months ago,"Maadi, Cairo, Egypt ",Senior Full Stack Developer,https://wuzzuf.net/jobs/p/5L7n2vcXEPlz-Senior-Full-Stack-Developer-Aria-Systems-Cairo-Egypt?o=218&l=sp&t=sj&a=python|search-v3
Web Development & Programming Teacher (Suez),NASS Academy -,2 months ago,"Suez, Suez, Egypt ",Web Development & Programming Teacher (Suez),https://wuzzuf.net/jobs/p/qpwjj0Z8yQbo-Web-Development-Programming-Teacher-Suez-NASS-Academy-Suez-Egypt?o=219&l=sp&t=sj&a=python|search-v3
Web Development & Programming Teacher (New Minya),NASS Academy -,2 months ago,"New Menia, Minya, Egypt ",Web Development & Programming Teacher (New Minya),https://wuzzuf.net/jobs/p/nqXtNrvl9I10-Web-Development-Programming-Teacher-New-Minya-NASS-Academy-Minya-Egypt?o=220&l=sp&t=sj&a=python|search-v3
Web Development & Programming Teacher (Alexandria),NASS Academy -,2 months ago,"Sidi Gaber, Alexandria, Egypt ",Web Development & Programming Teacher (Alexandria),https://wuzzuf.net/jobs/p/lySl9nFa1NIi-Web-Development-Programming-Teacher-Alexandria-NASS-Academy-Alexandria-Egypt?o=221&l=sp&t=sj&a=python|search-v3
Web Development & Programming Teacher (Sheikh Zayed - Giza),NASS Academy -,2 months ago,"Sheikh Zayed, Giza, Egypt ",Web Development & Programming Teacher (Sheikh Zayed - Giza),https://wuzzuf.net/jobs/p/IjGIaEBTzEn9-Web-Development-Programming-Teacher-Sheikh-Zayed---Giza-NASS-Academy-Giza-Egypt?o=222&l=sp&t=sj&a=python|search-v3
Senior Software Developer,Globaction -,2 months ago,"6th of October, Giza, Egypt ",Senior Software Developer,https://wuzzuf.net/jobs/p/C6SemzkHP3qb-Senior-Software-Developer-Globaction-Giza-Egypt?o=223&l=sp&t=sj&a=python|search-v3
Senior Automation Tester,Al Soug-Cashi -,2 months ago,"Giza, Egypt ",Senior Automation Tester,https://wuzzuf.net/jobs/p/ntbqC5579uno-Senior-Automation-Tester-Al-Soug-Cashi-Giza-Egypt?o=224&l=sp&t=sj&a=python|search-v3
SFE Analyst,Bluebell Pharmaceuticals  -,2 months ago,"Maadi, Cairo, Egypt ",SFE Analyst,https://wuzzuf.net/jobs/p/dVSzHRL62L8o-SFE-Analyst-Bluebell-Pharmaceuticals-Cairo-Egypt?o=225&l=sp&t=sj&a=python|search-v3
Quality Control Engineer,Dafater -,2 months ago,"Heliopolis, Cairo, Egypt ",Quality Control Engineer,https://wuzzuf.net/jobs/p/uYEYm4dR9awc-Quality-Control-Engineer-Dafater-Cairo-Egypt?o=226&l=sp&t=sj&a=python|search-v3
Reliability Engineer,Freelancer -,2 months ago,"Nozha, Cairo, Egypt ",Reliability Engineer,https://wuzzuf.net/jobs/p/kXJLyIdXwGds-Reliability-Engineer-Freelancer-Cairo-Egypt?o=227&l=sp&t=sj&a=python|search-v3
Control System Engineer,Nile University -,2 months ago,"Sheikh Zayed, Giza, Egypt ",Control System Engineer,https://wuzzuf.net/jobs/p/TEmqAlIy2jnD-Control-System-Engineer-Nile-University-Giza-Egypt?o=228&l=sp&t=sj&a=python|search-v3
Computer Science Instructor for Kids,Edu-Zone -,2 months ago,"Cairo, Egypt ",Computer Science Instructor for Kids,https://wuzzuf.net/jobs/p/1fyICqmW0GWu-Computer-Science-Instructor-for-Kids-Edu-Zone-Cairo-Egypt?o=229&l=sp&t=sj&a=python|search-v3
Cloud automation engineer,Sceel.io -,2 months ago,"Maadi, Cairo, Egypt ",Cloud automation engineer,https://wuzzuf.net/jobs/p/Hq5yBLGYsmfM-Cloud-automation-engineer-Sceel-io-Cairo-Egypt?o=230&l=sp&t=sj&a=python|search-v3
System Administrator,Ayman Shahin Group -,2 months ago,"Heliopolis, Cairo, Egypt ",System Administrator,https://wuzzuf.net/jobs/p/QZTumBrYI11C-System-Administrator-Ayman-Shahin-Group-Cairo-Egypt?o=231&l=sp&t=sj&a=python|search-v3
Sr. React JS Developer,Confidential -,2 months ago,"Sidi Bishr, Alexandria, Egypt ",Sr. React JS Developer,https://wuzzuf.net/jobs/p/McM45JTkTcOu-Sr-React-JS-Developer-Alexandria-Egypt?o=232&l=sp&t=sj&a=python|search-v3
Web Application Developer,Nile University -,2 months ago,"Sheikh Zayed, Giza, Egypt ",Web Application Developer,https://wuzzuf.net/jobs/p/AN3HklGYnERp-Web-Application-Developer-Nile-University-Giza-Egypt?o=233&l=sp&t=sj&a=python|search-v3
